APP,FACEBOOK,INSTAGRAM,TWITTER,QUORA,LINKEDIN,REDDIT,SNAPCHAT,YOUTUBE,TIKTOK,EMAIL,OTHER
"C Compiler",497,137,139,79,65,706,52,13,0,9,99
"C Tutorial",496,153,127,86,36,338,41,32,0,8,105
"C# Compiler",226,95,846,10,73,135,24,25,0,6,43
"C# Tutorial",349,86,200,11,55,340,6,28,0,1,32
"C++ Compiler",248,129,338,23,68,114,65,40,0,32,106
"C++ Tutorial",429,131,469,63,49,772,37,50,0,18,84
Calculator+,615,63,122,46,25,249,47,0,0,5,166
Calendar+,521,149,158,16,29,85,22,40,0,3,78
Compiler+,502,125,181,78,26,190,34,21,0,0,58
"CSS Tutorial",189,141,99,16,23,114,0,31,0,0,26
"Dart Compiler",35,45,314,1,17,30,29,0,0,0,0
"Dart Tutorial",60,23,39,7,18,154,2,0,0,0,4
"Go Compiler",233,69,79,11,11,225,37,0,0,0,27
"Go Tutorial",276,72,108,15,53,200,28,7,0,0,22
"HTML Tutorial",210,297,121,39,42,743,6,42,0,7,49
"Java Compiler",336,113,173,27,83,118,11,55,0,13,82
"Java Tutorial",357,168,228,43,59,333,27,42,0,9,151
"JavaScript Compiler",367,122,163,18,35,116,29,31,0,6,58
"JavaScript Tutorial",408,143,207,27,44,223,17,51,0,5,56
"Kotlin Compiler",22,49,370,1,2,26,19,0,0,0,0
"Kotlin Tutorial",96,45,9,1,0,28,2,0,0,0,0
Motivation+,494,74,75,85,25,394,30,0,0,5,83
Notes+,259,122,146,35,29,57,55,37,0,0,61
"PHP Compiler",80,55,82,10,17,41,0,0,0,0,9
"PHP Tutorial",187,64,110,99,11,211,23,0,0,0,4
"Python Compiler",277,126,206,77,51,152,85,38,0,12,104
"Python Tutorial",352,134,424,40,83,416,34,56,0,12,100
"Ruby Compiler",84,41,232,35,14,28,0,0,0,0,0
"Ruby Tutorial",107,37,284,5,7,39,0,0,0,0,1
"Success Stories",138,46,70,64,12,189,30,0,0,4,27
"Swift Compiler",267,41,142,23,31,36,0,10,0,5,0
"Swift Tutorial",327,45,311,71,36,84,3,7,0,6,57
Tasks+,476,59,195,6,76,221,2,1,0,3,94
Time+,287,122,127,5,27,72,38,24,0,0,54
"Travel Diaries",69,48,47,90,12,87,10,0,0,1,26
"XML Tutorial",178,118,151,32,29,58,0,44,0,7,44
Message+,119,100,29,24,16,10,0,12,0,0,23
Dictionary,0,0,0,24,0,0,0,0,0,0,0
